Type,Author
Syllabus,Syllabus
Syllabus,Syllabus
Syllabus,Syllabus
Majority,Kavanaugh
Majority,Kavanaugh
Majority,Kavanaugh
Majority,Kavanaugh
Majority,Kavanaugh
Majority,Kavanaugh
Majority,Kavanaugh
Majority,Kavanaugh
Majority,Kavanaugh
Majority,Kavanaugh
Majority,Kavanaugh
Majority,Kavanaugh
Majority,Kavanaugh
Majority,Kavanaugh
Majority,Kavanaugh
Majority,Kavanaugh
Majority,Kavanaugh
Majority,Kavanaugh
Majority,Kavanaugh
Majority,Kavanaugh
Majority,Kavanaugh
Majority,Kavanaugh
Majority,Kavanaugh
Majority,Kavanaugh
Majority,Kavanaugh
Concurring,Sotomayor
Concurring,Sotomayor
Concurring,Breyer
Concurring,Breyer
Concurring,Breyer
Concurring,Breyer
Concurring,Breyer
Concurring,Breyer
Concurring,Breyer
Concurring,Breyer
Concurring,Breyer
Concurring,Breyer
Concurring,Breyer
Concurring,Breyer
Concurring,Gorsuch
Concurring,Gorsuch
Concurring,Gorsuch
Concurring,Gorsuch
Concurring,Gorsuch
Concurring,Gorsuch
Concurring,Gorsuch
